composition,Phase
Al1 Nb1 Ta1 Ti1,BCC
Hf1 Mo0.5 Nb1 Ti1 V0.5,BCC
Hf1 Mo1 Nb1 Ta1 Ti1 Zr1,BCC
Hf1 Mo1 Nb1 Ti1 Zr1,BCC
Hf1 Mo1 Ta1 Ti1 Zr1,BCC
Mo1 Nb1 Ta1 Ti1 V1 W1,BCC
Mo1 Nb1 Ta1 Ti1 W1,BCC
Al1 Co0.667 Cr0.667 Fe0.667 Ni0.667,BCC
Al1 Co0.4 Cr0.4 Fe0.4 Ni0.4,BCC
Al1 Co0.5 Cr0.5 Fe0.5 Ni0.5,BCC
Al1 Co0.333 Cr0.333 Fe0.333 Ni0.333,BCC
Al1 Co1 Cr1 Fe1 Mo0.1 Ni1,BCC
Al1 Co1 Cr1 Fe1 Ni1 Si0.2,BCC
Al1 Co1 Cr1 Fe1 Ni1 Si0.4,BCC
Al1 Co1 Fe1 Ni1 Ti1 V1 Zr1,BCC
Al1 Fe1 Ni1 Ti1 V1 Zr1,BCC
Al1 Co0.8 Cr0.8 Fe0.8 Mn0.8 Ni0.8,BCC
Al0.333 Cr0.667 Fe1 Mn0.667 Ni0.333,BCC
Al0.417 Co0.833 Cr0.833 Cu0.833 Fe0.833 Ni0.833 V1,BCC
Al0.357 Co0.714 Cr0.714 Cu0.714 Fe0.714 Ni0.714 V1,BCC
Al0.312 Co0.625 Cr0.625 Cu0.625 Fe0.625 Ni0.625 V1,BCC
Al0.278 Co0.556 Cr0.556 Cu0.556 Fe0.556 Ni0.556 V1,BCC
Al0.25 Co0.5 Cr0.5 Cu0.5 Fe0.5 Ni0.5 V1,BCC
Al0.3 Hf1 Nb1 Ta1 Ti1 Zr1,BCC
Al0.5 Hf1 Nb1 Ta1 Ti1 Zr1,BCC
Al0.75 Hf1 Nb1 Ta1 Ti1 Zr1,BCC
Hf1 Nb1 Ta1 Ti1 Zr1,BCC
Al0.25 Mo1 Nb1 Ti1 V1,BCC
Al0.5 Mo1 Nb1 Ti1 V1,BCC
Al0.75 Mo1 Nb1 Ti1 V1,BCC
Al1 Mo1 Nb1 Ti1 V1,BCC
Mo1 Nb1 Ti1 V1,BCC
Al0.25 Nb1 Ta1 Ti1 V1,BCC
Al0.5 Nb1 Ta1 Ti1 V1,BCC
Al1 Nb1 Ta1 Ti1 V1,BCC
Nb1 Ta1 Ti1 V1,BCC
Hf1 Mo0.25 Nb1 Ta1 Ti1 Zr1,BCC
Hf1 Mo0.5 Nb1 Ta1 Ti1 Zr1,BCC
Hf1 Mo0.75 Nb1 Ta1 Ti1 Zr1,BCC
Hf0.333 Nb0.333 Ta0.333 Ti1 Zr0.667,BCC
Hf1 Nb1 Ti1 Zr1,BCC
Mo1 Nb1 Ta1 V1 W1,BCC
Mo1 Nb1 Ta1 W1,BCC
Mo1 Nb1 Ti1 V0.25 Zr1,BCC
Mo1 Nb1 Ti1 V0.5 Zr1,BCC
Mo1 Nb1 Ti1 V0.75 Zr1,BCC
Mo1 Nb1 Ti1 V1 Zr1,BCC
Mo0.667 Nb0.667 Ti0.667 V1 Zr0.667,BCC
Mo0.5 Nb0.5 Ti0.5 V1 Zr0.5,BCC
Mo0.333 Nb0.333 Ti0.333 V1 Zr0.333,BCC
Mo1 Nb1 Ti1 Zr1,BCC
Al0.25 Co1 Cr1 Cu1 Fe1 Mn1 Ni1 Ti1 V1,BCC
Al1 Co0.5 Cr0.5 Cu0.5 Fe0.5 Ni0.5,BCC
Al1 Cr1 Mo1 Nb1 Ti1,BCC
Co1 Cr1 Mo1 Nb1 Ti0.4,BCC
Hf0.26 Nb1 Ta1 Ti0.578 Zr0.416,BCC
Al0.2 Mo1 Ta1 Ti1 V1,BCC
Al0.6 Mo1 Ta1 Ti1 V1,BCC
Al1 Mo1 Ta1 Ti1 V1,BCC
Mo1 Ta1 Ti1 V1,BCC
Hf1 Nb1 Ta1 Zr1,BCC
Hf1 Ta1 Ti1 Zr1,BCC
Mo1 Nb1 Ta1 Ti0.25 W1,BCC
Mo1 Nb1 Ta1 Ti0.5 W1,BCC
Mo1 Nb1 Ta1 Ti0.75 W1,BCC
Mo1 Nb1 Ta1 Ti1 V1,BCC
Nb1 Ta1 Ti1 V1 W1,BCC
Nb1 Ta1 V1 W1,BCC
Al0.25 Cr0.5 Nb0.5 Ti1 V0.25,BCC
Mo1 Nb1 Re0.5 W1,BCC
Nb1 Ti1 Zr1,BCC
Hf0.25 Ti1 V0.5 Zr0.5,BCC
Hf0.25 Nb0.125 Ti1 V0.5 Zr0.5,BCC
Hf0.25 Nb0.25 Ti1 V0.5 Zr0.5,BCC
Hf0.25 Nb0.375 Ti1 V0.5 Zr0.5,BCC
Hf0.25 Nb0.5 Ti1 V0.5 Zr0.5,BCC
Cr1 Fe1 Ni1 Ti0.4,BCC
Cr1 Fe1 Ni1 Ti0.5,BCC
Cr1 Fe1 Ni1 Ti0.6,BCC
Nb1 Ta1 Ti1 Zr1,BCC
Nb1 Ta1 Ti1,BCC
Hf1 Mo1 Nb1 Ta1 Zr1,BCC
Hf1 Mo1 Nb1 Ta1 Ti1,BCC
Mn0.1 Ti0.9,BCC
Mn0.5 V0.5,BCC
Mn0.565 V0.435,BCC
Mn0.9 V0.1,BCC
Mn0.253 Cr0.747,BCC
Mn0.43 Cr0.57,BCC
Mn0.5 Cr0.5,BCC
Mn0.6 Cr0.4,BCC
Mn0.67 Cr0.33,BCC
Mn0.99 Cr0.01,BCC
Mn0.05 Fe0.95,BCC
Mn0.18 Fe0.82,BCC
Mn0.65 Fe0.35,BCC
Mn0.15 Mo0.85,BCC
Fe0.25 Ti0.75,BCC
Fe0.35 Ti0.65,BCC
Fe0.8 Ti0.2,BCC
Fe0.9 Ti0.1,BCC
Fe0.91 Ti0.09,BCC
Fe0.965 Ti0.035,BCC
Fe0.975 Ti0.025,BCC
Fe0.98 Ti0.02,BCC
Fe0.4 V0.6,BCC
Fe0.5 V0.5,BCC
Fe0.55 V0.45,BCC
Fe0.65 V0.35,BCC
Fe0.7 V0.3,BCC
Fe0.75 V0.25,BCC
Fe0.8 V0.2,BCC
Fe0.96 V0.04,BCC
Fe0.99 V0.01,BCC
Fe0.0195 Cr0.9805,BCC
Fe0.026 Cr0.974,BCC
Fe0.038 Cr0.962,BCC
Fe0.0665 Cr0.9335,BCC
Fe0.2 Cr0.8,BCC
Fe0.387 Cr0.613,BCC
Fe0.5 Cr0.5,BCC
Fe0.8 Cr0.2,BCC
Fe0.92 Cr0.08,BCC
Fe0.95 Cr0.05,BCC
Fe0.96 Cr0.04,BCC
Fe0.97 Cr0.03,BCC
Fe0.8 Mn0.2,BCC
Fe0.87 Mn0.13,BCC
Fe0.95 Mn0.05,BCC
Fe0.96 Mn0.04,BCC
Fe0.97 Mn0.03,BCC
Fe0.25 Co0.75,BCC
Fe0.28 Co0.72,BCC
Fe0.5 Co0.5,BCC
Fe0.6 Co0.4,BCC
Fe0.88 Co0.12,BCC
Fe0.91 Co0.09,BCC
Fe0.94 Co0.06,BCC
Fe0.95 Co0.05,BCC
Fe0.6 Ni0.4,BCC
Fe0.9 Ni0.1,BCC
Fe0.49 Cu0.51,BCC
Fe0.6 Cu0.4,BCC
Fe0.7 Cu0.3,BCC
Fe0.8 Cu0.2,BCC
Fe0.2 Mo0.8,BCC
Fe0.8 Mo0.2,BCC
Fe0.86 Mo0.14,BCC
Fe0.875 Mo0.125,BCC
Fe0.92 Mo0.08,BCC
Fe0.96 Mo0.04,BCC
Fe0.97 Mo0.03,BCC
Fe0.78 Ag0.22,BCC
Fe0.975 Ta0.025,BCC
Fe0.3 W0.7,BCC
Fe0.6 W0.4,BCC
Fe0.8 W0.2,BCC
Fe0.93 W0.07,BCC
Fe0.94 W0.06,BCC
Fe0.96 W0.04,BCC
Fe0.98 W0.02,BCC
Fe0.92 Re0.08,BCC
Fe0.75 Pt0.25,BCC
Fe0.85 Pt0.15,BCC
Fe0.9 Pt0.1,BCC
Fe0.97 Pt0.03,BCC
Fe0.96 Au0.04,BCC
Co0.86 Nb0.14,BCC
Co0.08 Mo0.92,BCC
Ni0.19 V0.81,BCC
Ni0.47 V0.53,BCC
Ni0.2 Cr0.8,BCC
Ni0.02 Mo0.98,BCC
Au0.11 Mo0.89,BCC
Nb0.75 Au0.25,BCC
Nb0.7 Au0.3,BCC
V0.7 Au0.3,BCC
V0.75 Au0.25,BCC
Mo0.7 Cr0.3,BCC
Cr0.75 Mo0.25,BCC
Cr0.7 Mo0.3,BCC
Cr0.5 Mo0.5,BCC
Cr0.5 W0.5,BCC
Cr0.7 Re0.3,BCC
V0.99 Hf0.01,BCC
V0.95 Hf0.05,BCC
Mo0.8 Hf0.2,BCC
Mo0.67 Hf0.33,BCC
W0.67 Hf0.33,BCC
Nb0.78 Hf0.22,BCC
Hf0.5 Nb0.5,BCC
Hf0.7 Nb0.3,BCC
Hf0.5 Ta0.5,BCC
Hf0.6 Mo0.4,BCC
Hf0.52 Mo0.48,BCC
Hf0.8 Mo0.2,BCC
Mo0.57 Re0.43,BCC
Mo0.6 Re0.4,BCC
Mo0.92 Re0.08,BCC
Mo0.62 Re0.38,BCC
Mo0.85 Pt0.15,BCC
Mo0.95 Pd0.05,BCC
Cr0.96 Nb0.04,BCC
Mo0.5 Nb0.5,BCC
Nb0.52 Mo0.48,BCC
Mo0.516 Nb0.484,BCC
Nb0.95 Mo0.05,BCC
Nb0.5 V0.5,BCC
Nb0.5 W0.5,BCC
Nb0.75 Re0.25,BCC
Nb0.56 Re0.44,BCC
Nb0.6 Re0.4,BCC
Nb0.553 Re0.447,BCC
Nb0.98 Cr0.02,BCC
Nb0.88 Cr0.12,BCC
Nb0.75 Pd0.25,BCC
Nb0.67 Pd0.33,BCC
Nb0.9 Pt0.1,BCC
Cr0.95 Ta0.05,BCC
Re0.61 Ta0.39,BCC
Mo0.5 Ta0.5,BCC
Mo0.96 Ta0.04,BCC
Nb0.5 Ta0.5,BCC
Ta0.5 V0.5,BCC
V0.67 Ta0.33,BCC
Ta0.5 W0.5,BCC
Ta0.6 Re0.4,BCC
Ta0.55 Re0.45,BCC
Ta0.75 Re0.25,BCC
Ta0.85 Cr0.15,BCC
Ta0.88 Pd0.12,BCC
Cr0.86 Ti0.14,BCC
Cr0.5 Ti0.5,BCC
Ti0.8 Cr0.2,BCC
Mo0.67 Ti0.33,BCC
Mo0.5 Ti0.5,BCC
Nb0.5 Ti0.5,BCC
Nb0.954 Ti0.046,BCC
Ta0.5 Ti0.5,BCC
Ti0.5 V0.5,BCC
V0.99 Ti0.01,BCC
V0.95 Ti0.05,BCC
Ti0.5 W0.5,BCC
Ti0.8 Pd0.2,BCC
Cr0.5 V0.5,BCC
Mo0.5 V0.5,BCC
V0.5 W0.5,BCC
V0.7 W0.3,BCC
V0.8 Re0.2,BCC
V0.95 Pt0.05,BCC
Mo0.5 W0.5,BCC
W0.75 Re0.25,BCC
W0.65 Re0.35,BCC
W0.8 Re0.2,BCC
W0.71 Re0.29,BCC
W0.95 Pd0.05,BCC
Nb0.999 Y0.001,BCC
W0.97 Zr0.03,BCC
V0.99 Zr0.01,BCC
V0.95 Zr0.05,BCC
Mo0.925 Zr0.075,BCC
Ta0.82 Zr0.18,BCC
Mo0.67 Zr0.33,BCC
Mo0.53 Zr0.47,BCC
W0.67 Zr0.33,BCC
Zr0.686 Nb0.314,BCC
Nb0.5 Zr0.5,BCC
Zr0.65 W0.35,BCC
Zr0.8 Pd0.2,BCC
Zr0.87 Mo0.13,BCC
Zr0.96 Mo0.04,BCC
Ti0.93 Ag0.07,BCC
Mn0.55 Re0.45,BCC
Mn0.944 Re0.056,BCC
Re0.8 Mo0.2,BCC
Re0.77 Mo0.23,BCC
Nb0.02 Mn0.98,BCC
Re0.63 Nb0.37,BCC
Re0.75 Nb0.25,BCC
Re0.6 Nb0.4,BCC
Nb0.6 Pd0.4,BCC
Re0.67 Ta0.33,BCC
Re0.75 Ta0.25,BCC
Re0.7 Ta0.3,BCC
Re0.6 Ta0.4,BCC
Mn0.883 V0.117,BCC
Re0.75 W0.25,BCC
Cr0.27 Fe0.47 Ni0.26,BCC
Cr0.33 W0.33 Mo0.34,BCC
Hf0.16 Ti0.17 W0.67,BCC
Hf0.17 Ti0.16 Mo0.67,BCC
Hf0.17 Zr0.16 Mo0.67,BCC
Hf0.17 Zr0.16 W0.67,BCC
Hf0.4 Zr0.3 Nb0.3,BCC
Ta0.33 Nb0.33 W0.34,BCC
Ta0.33 W0.33 Mo0.34,BCC
Ta0.34 Nb0.33 Mo0.33,BCC
Ti0.5 V0.45 Fe0.05,BCC
Zr0.16 Ti0.17 Mo0.67,BCC
Zr0.16 Ti0.17 W0.67,BCC
Cr0.2 Mo0.4 Nb0.4,BCC
Cr0.25 Fe0.5 V0.25,BCC
Cr0.333 Mo0.333 V0.334,BCC
Cr0.4 Mo0.32 W0.28,BCC
Fe0.1 Ti0.18 V0.72,BCC
Mo0.333 Nb0.333 W0.333,BCC
Nb0.2 Cr0.2 Mo0.6,BCC
Mo0.33 Re0.33 V0.34,BCC
Nb0.333 Re0.333 V0.333,BCC
Nb0.333 Ti0.333 Zr0.333,BCC
Nb0.33 W0.33 Mo0.34,BCC
Hf1 Nb1 Zr1,BCC
Ta1 Nb1 Hf1 Zr1 Ti1,BCC
Ta1 Nb1 V1 Ti1,BCC
W1 Nb1 Mo1 Ta1,BCC
W1 Nb1 Mo1 Ta1 V1,BCC
Co1 Cr1 Mn1 Ni1 V1,BCC
Cr1 Nb1 Ti1 V1 Zr1,BCC
Cr1 Nb1 Ti1 Zr1,BCC
Hf1 Nb1 Ti1 V1 Zr1,BCC
Mo0.7 Nb1 Ti1 V0.3 Zr1,BCC
Cr1 Mn1 Nb1 Ti1 V1,BCC
Cr1 Mo1 Nb1 Ta1 Ti1 Zr1,BCC
Mo1 Nb1 Ta1 V1,BCC
Nb1 Ti1 V1 Zr1,BCC
Nb1 Re1 Ta1 Ti1 V1,BCC
Hf1 Nb1 Re1 Ta1 V1 W1,BCC
Cr1 Mo1 Nb1 Ta1 Ti1 V1 W1 Zr1,BCC
Cr1 Mo1 Nb1 Ta1 Ti1 V1 Zr1,BCC
Cr0.5 Mo1 Nb1 Ta1 V1 W1,BCC
Cr1 Mo1 Nb1 Ta1 V1 W1,BCC
Cr2 Mo1 Nb1 Ta1 V1 W1,BCC
Hf1 Mo1 Nb1 Ta1 Ti1 V1 Zr1,BCC
Hf1 Mo0.5 Nb0.5 Ti1 Zr1,BCC
Hf1 Mo0.2 Ti2 V0.5 Zr1,BCC
Hf1 Nb1 Ta1 Ti1 V1 Zr1,BCC
Hf0.5 Nb0.5 Ta0.5 Ti1.5 Zr1,BCC
Hf0.75 Nb1 Ta0.5 Ti1.5 Zr1.25,BCC
Hf0.8 Nb0.31 Ta0.31 Ti0.18 Zr0.13,BCC
Hf1 Nb0.18 Ta0.18 Ti1.27 Zr1,BCC
Hf1 Nb0.5 Ta0.5 Ti1 Zr1,BCC
Hf1 Nb3 Ta3 Ti1 Zr1,BCC
Hf1 Nb2 Ti1 V1 Zr2,BCC
Hf1 Nb0.5 Ti1 V0.5 Zr1,BCC
Mo1 Nb1 Ta1 Ti1 V1 Zr1,BCC
Mo0.1 Nb1 Ti1 V0.3 Zr1,BCC
Mo0.3 Nb1 Ti1 V0.3 Zr1,BCC
Mo0.3 Nb1 Ti1 V1 Zr1,BCC
Mo0.5 Nb1 Ti1 V0.3 Zr1,BCC
Mo0.5 Nb1 Ti1 V1 Zr1,BCC
Mo0.7 Nb1 Ti1 V1 Zr1,BCC
Mo1 Nb1 Ti1 V0.3 Zr1,BCC
Mo1 Nb1 Ti1 V1.5 Zr1,BCC
Mo1 Nb1 Ti1 V2 Zr1,BCC
Mo1 Nb1 Ti1 V3 Zr1,BCC
Mo1.3 Nb1 Ti1 V0.3 Zr1,BCC
Mo1.3 Nb1 Ti1 V1 Zr1,BCC
Mo1.5 Nb1 Ti1 V0.3 Zr1,BCC
Mo1.5 Nb1 Ti1 V1 Zr1,BCC
Mo1.7 Nb1 Ti1 V1 Zr1,BCC
Mo2 Nb1 Ti1 V1 Zr1,BCC
Mo1 Ta1 Ti1 V1 Zr1,BCC
Nb1 Ta1 Ti1 V1 Zr1,BCC
Nb1 Ti1 V0.3 Zr1,BCC
Nb1 Ti1 V2 Zr1,BCC
Al0.8 Cr1 Cu1 Fe1 Mn1.5 Ni1,BCC
Al1 Co1 Cr1 Cu0.25 Fe1 Ni1 Ti0.5,BCC
Al1 Co1 Cr1 Cu0.5 Fe1 Ni1 Ti0.5,BCC
Al1 Cr1 Cu1 Fe1 Mn1 Ni1,BCC
Mo1 Nb1 Ta1 Ti1 Zr1,BCC
Al0.15 Cr1 Fe1.5 Ni0.5,BCC
Al0.2 Cr1 Fe1.5 Ni0.5,BCC
Al0.4 Co1 Fe1 Ni1 Si0.4,BCC
Al0.5 Co1 Fe1 Ni1 Si0.5,BCC
Al0.5 Cr1 Fe1.5 Mn1 Ni0.5,BCC
Al0.5 Cr1 Mo1 Nb1 Ti1,BCC
Al0.5 Cr1 Mo1 Nb1 Ti1 V1,BCC
Al0.5 Cr1 Mo1 Nb1 V1,BCC
Al0.5 Cr1 Nb1 Ti2 V0.5,BCC
Al0.875 Co1 Cr1 Fe1 Ni1,BCC
Al0.8 Co1 Fe1 Ni1 Si0.8,BCC
Al0.8 Cr1 Fe1.5 Mn1 Ni0.5,BCC
Al1.2 Cr1 Fe1.5 Mn1 Ni0.5,BCC
Al1 Co1 Cr1.5 Cu0.5 Fe1 Ni1,BCC
Al1 Co1 Cr1 Cu0.25 Fe1 Ni1,BCC
Al1 Co1 Fe1 Ni1 Ti1,BCC
Al1 Co1 Cr1 Fe1 Ni1 Ti1,BCC+Sec
Al1 Co1 Cr1 Fe1 Ni1 Ti0.5,BCC+Sec
Cr1 Mo0.5 Nb1 Ta0.5 Ti1 Zr1,BCC+Sec
Hf1 Mo1 Nb1 Ta1 Ti1 V1 W1 Zr1,BCC+Sec
Al1 Co1 Cr1 Fe1 Ni1 Si1,BCC+Sec
Al1 Co1 Cr1 Fe1 Ni1 Si0.8,BCC+Sec
Al2 Co1 Cr1 Cu0.5 Fe1 Ni1,BCC+Sec
Al1.5 Nb1 Ti1 V1 Zr1,BCC+Sec
Al1 Nb1 Ti1 V1 Zr1,BCC+Sec
Al0.8 Co1 Cu0.8 Fe1 Ni1,BCC+Sec
Al12 Cr17 Fe35 Mn20 Ni12 Ti4,BCC+Sec
Al2 Cr1 Fe1 Mn1 Ti0.25,BCC+Sec
Al1 Cr1 Fe1 Mn1 Ti0.25,BCC+Sec
Al2 Cr1 Fe1 Mn1 Ti1,BCC+Sec
Al1.5 Cr1 Fe1 Mn1 Ti1,BCC+Sec
Al4 Cr1 Fe1 Mn1 Ti0.25,BCC+Sec
Al1 Co1 Cr1 Fe1.5 Mo0.5 Ni1,BCC+Sec
Al1 Co1 Cr1 Fe2 Mo0.5 Ni1,BCC+Sec
Al1 C1.5 Co1 Cr1 Fe1 Ni1,BCC+Sec
Al1 C1 Co1 Cr1 Fe1 Ni1,BCC+Sec
Al0.6 Co1 Cr1 Fe1 Ni1 Ti1,BCC+Sec
Al0.7 Co1 Cr1.5 Fe1.5 Ni1,BCC+Sec
Al0.85 Co1 Cr1 Fe1 Ni1,BCC+Sec
Al0.92 Co1 Cr1 Fe1 Ni1,BCC+Sec
Al0.9 Co1 Cr1 Fe1 Ni1,BCC+Sec
Al0.9 Cr1 Fe1 Ni1,BCC+Sec
Al1.12 Co1 Cr1 Fe1 Ni1,BCC+Sec
Al1.1 Cr1 Fe1 Ni1,BCC+Sec
Al1.25 Co1 Cr1 Fe1 Mn1 Ni1,BCC+Sec
Al1.2 Co1 Cr1 Fe1 Ni1,BCC+Sec
Al1.2 Cr1 Fe1 Ni1,BCC+Sec
Al1.33 Co1 Cr1 Fe1 Ni1,BCC+Sec
Al1.3 Cr1 Fe1 Ni1,BCC+Sec
Al1.5 Co1 Cr1 Cu0.5 Fe1 Ni1,BCC+Sec
Al1.5 Co1 Cr1 Fe1 Ni1 Ti1,BCC+Sec
Al1.5 Mo1 Nb1 Ti1 V1,BCC+Sec
Al1.71 Co1 Cr1 Fe1 Ni1,BCC+Sec
Al1.8 Co1 Cr1 Fe1 Ni1,BCC+Sec
Al1.8 Cr1 Cu1 Fe1 Ni2,BCC+Sec
Al10 Cr18 Fe36 Mn21 Ni15,BCC+Sec
Al2.08 Co1 Cr1 Fe1 Ni1,BCC+Sec
Al2.2 Cr1 Cu1 Fe1 Ni2,BCC+Sec
Al2.5 Cr1 Cu1 Fe1 Ni2,BCC+Sec
Al2 Co1 Cr1 Fe1 Ni1 Ti1,BCC+Sec
Al2 Cr1 Cu1 Fe1 Ni2,BCC+Sec
Al1 Co1 Cr2 Cu0.5 Fe1 Ni1,BCC+Sec
Al1 Co1 Cr1 Ni1,BCC+Sec
Al1 Cr1 Cu0.5 Fe1 Ni1,BCC+Sec
Al1 Cr1 Fe1 Mo0.2 Ni1,BCC+Sec
Al1 Cr1 Fe1 Mo0.5 Ni1,BCC+Sec
Al1 Cr1 Fe1 Ni1,BCC+Sec
Al1 Co1 Cr2 Fe1 Ni1,BCC+Sec
Al1 Co1 Cr1 Fe1 Ni2,BCC+Sec
Al1 Co1 Cr1 Fe1 Ni2.1,BCC+Sec
Al1 Co1 Cr1 Fe1 Ni2.2,BCC+Sec
Al0.8 Co1 Cr1 Ni1 Si0.2,BCC+Sec
Al1 Co0.5 Cr1 Fe1 Mo0.5,BCC+Sec
Al1 Co0.5 Cr1 Fe1 Mo0.5 Ni1,BCC+Sec
Al1 Co1.5 Cr1 Fe1 Mo0.5,BCC+Sec
Al1 Co1.5 Cr1 Fe1 Mo0.5 Ni1,BCC+Sec
Al0.5 Co1 Cr1 Fe1 Ni1 Ti1,BCC+Sec
Al1 Co1 Cr1 Fe1 Ni1 Ti1.5,BCC+Sec
Al1.4 Co0.9 Cr1.4 Cu0.5 Fe0.9 Ni1,BCC+Sec
Al1 Co1 Cr1 Fe1 Nb0.25 Ni1,BCC+Sec
Al1 Co1 Cr1 Fe1 Nb0.5 Ni1,BCC+Sec
Al1 Co1 Cr1 Fe1 Nb0.75 Ni1,BCC+Sec
Al0.5 Nb1 Ti1 V1 Zr1,BCC+Sec
Al1 Nb1 Ti1 V1 Zr0.5,BCC+Sec
Al1 Co1 Cr1 Cu1 Ni1 Ti1 Y0.8,BCC+Sec
Al1 Co1 Cr1 Cu1 Ni1 Ti1 Y1,BCC+Sec
Al1 Co0.2 Cr1.5 Fe0.2 Ni1 Si1 Ti0.2,BCC+Sec
Al1 Co0.2 Cr1 Fe0.2 Ni1 Si1 Ti0.2,BCC+Sec
Al1 Co0.6 Cr1 Fe0.2 Ni0.2 Si0.2 Ti0.2,BCC+Sec
Al0.67 Co1 Cr1 Cu1 Fe1 Mn1 Ni1 Ti1 V1,BCC+Sec
Al0.5 Cr1 Mo1 Nb1 Si0.3 Ti1 V1,BCC+Sec
Al1 C0.1 Co1 Cr1 Fe1 Ni1,BCC+Sec
Al1 C0.2 Co1 Cr1 Fe1 Ni1,BCC+Sec
Al1 C0.3 Co1 Cr1 Fe1 Ni1,BCC+Sec
Al1 C0.4 Co1 Cr1 Fe1 Ni1,BCC+Sec
Al1 C0.5 Co1 Cr1 Fe1 Ni1,BCC+Sec
Al1 Co1 Cr1 Fe1 Mo0.2 Ni1,BCC+Sec
Al1 Co1 Cr1 Fe1 Mo0.3 Ni1,BCC+Sec
Al1 Co1 Cr1 Fe1 Mo0.4 Ni1,BCC+Sec
Al1 Co1 Cr1 Fe1 Mo0.5 Ni1,BCC+Sec
Al1 Co1 Cr1 Cu0.5 Fe1 Ni2.5,BCC+Sec
Al3 Cr1 Fe1 Mn1 Ti0.25,BCC+Sec
Co1 Cr1 Mo1 Nb1,BCC+Sec
Co1 Cr1 Mo1 Nb1 Ti1,BCC+Sec
Co1 Cr1 Mo1 Nb1 Ti0.2,BCC+Sec
Co1 Cr1 Mo1 Nb1 Ti0.5,BCC+Sec
Hf1 Mo1 Nb1 Si0.3 Ti1 V1,BCC+Sec
Hf1 Mo1 Nb1 Si0.5 Ti1 V1,BCC+Sec
Hf1 Mo1 Nb1 Si0.7 Ti1 V1,BCC+Sec
Al1 Co1 Cr1 Cu1 Fe1 Mo0.4 Ni1,BCC+Sec
Al1 Co1 Cr1 Cu1 Fe1 Mo0.6 Ni1,BCC+Sec
Al1 Co1 Cr1 Cu1 Fe1 Mo0.8 Ni1,BCC+Sec
Al1 Co1 Cr1 Cu1 Fe1 Mo1 Ni1,BCC+Sec
Cr1 Cu1 Fe1 Ni1 Zr1,BCC+Sec
Hf1 Mo0.5 Nb1 Si0.3 Ti1 V0.5,BCC+Sec
Hf1 Mo0.5 Nb1 Si0.5 Ti1 V0.5,BCC+Sec
Hf1 Mo0.5 Nb1 Si0.7 Ti1 V0.5,BCC+Sec
Al0.667 C1 Co0.667 Cr0.667 Fe0.667 Ni0.667,BCC+Sec
Al0.667 Co1 Cr0.667 Fe0.667 Mo0.333 Ni0.667,BCC+Sec
Al0.667 Co0.667 Cr0.667 Fe1 Mo0.333 Ni0.667,BCC+Sec
Al0.5 Co0.5 Cr0.5 Fe1 Mo0.25 Ni0.5,BCC+Sec
Al0.667 Co0.667 Cr0.667 Fe0.667 Ni0.667 Ti1,BCC+Sec
Fe1 Mo1 Ni1 Ti1 V1 Zr1,BCC+Sec
C0.1 Hf0.5 Mo0.5 Nb1 Ti1 Zr1,BCC+Sec
C0.3 Hf0.5 Mo0.5 Nb1 Ti1 Zr1,BCC+Sec
Hf1 Nb1 Si0.5 Ti1 V1,BCC+Sec
Al0.667 Co1 Cr1 Cu1 Fe1 Mn1 Ni1 Ti1 V1,BCC+Sec
Hf0.5 Mo0.5 Nb1 Si0.1 Ti1 Zr1,BCC+Sec
Hf0.5 Mo0.5 Nb1 Si0.3 Ti1 Zr1,BCC+Sec
Hf0.5 Mo0.5 Nb1 Si0.5 Ti1 Zr1,BCC+Sec
Hf0.5 Mo0.5 Nb1 Si0.7 Ti1 Zr1,BCC+Sec
Hf0.5 Mo0.5 Nb1 Si0.9 Ti1 Zr1,BCC+Sec
C0.2 Mo1 Nb1 Re0.5 Ta0.2 W1,BCC+Sec
C0.4 Mo1 Nb1 Re0.5 Ta0.4 W1,BCC+Sec
C0.5 Mo1 Nb1 Re0.5 Ta0.5 W1,BCC+Sec
C0.6 Mo1 Nb1 Re0.5 Ta0.6 W1,BCC+Sec
Ta1 Ti1 Zr1,BCC+Sec
Nb1 Ta0.667 Ti0.667 Zr0.333,BCC+Sec
Nb0.333 Ta0.667 Ti0.667 Zr1,BCC+Sec
Al0.25 Co1 Cr1 Cu0.75 Fe1 Ni1 Ti0.5,FCC
Al0.3 Cr1 Cu1 Fe1 Ni2,FCC
Al0.5 Co1 Cr1 Cu0.5 Fe1 Ni1,FCC
Al0.5 Co1 Cr1 Cu1 Fe1 Ni1 V0.2,FCC
Co1 Cr1 Cu2 Fe1 Mn1 Ni1,FCC
Co1 Cr1 Cu1 Fe1 Mn1 Ni1,FCC
Co1 Cr1 Cu1 Fe1 Ni1 Ti0.5,FCC
Co1 Cr1 Fe1 Ni1,FCC
Cr0.5 Cu1 Fe1 Mn0.5 Ni1,FCC
Cr1 Cu0.5 Fe1 Mn1 Ni1,FCC
Cr1 Cu0.7 Fe1 Ni1,FCC
Co0.5 Fe0.5 Mo0.1 Ni1 V0.25,FCC
Al0.25 Co1 Fe1 Ni1,FCC
Co1 Fe1 Ni1,FCC
Co1 Fe1 Ni1 Si0.25,FCC
Co1 Cr1 Fe1 Ni1 Ti1,FCC
Co1 Cr1 Cu1 Fe1 Ni1,FCC
Cr1 Cu1 Fe1 Mo1 Ni1,FCC
Al0.25 Co1 Cr1 Cu0.5 Fe1 Ni1 Ti0.5,FCC
Al0.2 Co1 Cr1 Fe1 Mn1 Ni1,FCC
Al0.38 Co1 Cr1 Fe1 Mn1 Ni1,FCC
Co1 Cr1 Fe1 Mn1 Ni1 V0.25,FCC
Co1 Cr1 Cu0.5 Fe1 Ni1,FCC
Al0.5 Co1 Cr1 Cu1 Fe1 Ni1,FCC
Al0.5 Co1 Cr1 Cu1 Fe1 Ni1 Ti0.2,FCC
Co1 Cu1 Fe1 Ni1,FCC
Co1 Cu1 Fe1 Ni1 Sn0.02,FCC
Co1 Cu1 Fe1 Mn1 Ni1,FCC
Co1 Cu1 Fe1 Mn1 Ni1 Sn0.03,FCC
Al1 Cu0.889 Fe0.667 Ni0.889 Ti1,FCC
Al1 Cu1 Fe1 Ni1 Ti1,FCC
Al1 Cu1 Ni1 Ti1,FCC
Co1 Fe1 Ni1 V1,FCC
Cu1 Mn1 Ni1 Zn0.333,FCC
Cu1 Mn1 Ni1 Zn0.25,FCC
Al0.053 Cu1 Mn1 Ni1,FCC
Co1 Cr0.429 Fe0.571 Mo0.286 Ni0.571,FCC
Al0.304 Co1 Cr1 Fe1 Ni1,FCC
Al0.25 Cr0.417 Fe0.417 Ni1,FCC
Co1 Cr1 Fe1 Mn1 Mo0.042 Ni1,FCC
Co1 Cr1 Fe1 Ni1 W0.2,FCC
Co0.25 Cr0.25 Fe1 Mn1,FCC
Al0.143 Cr0.343 Fe1 Mn0.8 Ni0.571,FCC
Co1 Cr1 Fe1 Mo0.15 Ni1,FCC
Al0.333 Co0.333 Cu0.333 Fe0.333 Ni1,FCC
Co1 Cr0.2 Fe1 Ni1 Si0.2,FCC
Al1 Cu0.077 Fe0.077 Mg0.077 Si0.231 Zn0.077,FCC
Al1 Cu0.077 Mg0.077 Ni0.077 Si0.231 Zn0.077,FCC
Al1 Cr0.077 Cu0.077 Mg0.077 Si0.231 Zn0.077,FCC
Al1 Cu0.077 Mg0.077 Mn0.077 Si0.231 Zn0.077,FCC
Co1 Cr1 Fe1 Mo0.2 Ni1,FCC
Mn0.298 Fe0.702,FCC
Mn0.35 Fe0.65,FCC
Mn0.5 Fe0.5,FCC
Mn0.5 Co0.5,FCC
Mn0.139 Ni0.861,FCC
Mn0.22 Ni0.78,FCC
Mn0.25 Ni0.75,FCC
Mn0.5 Ni0.5,FCC
Mn0.7 Ni0.3,FCC
Mn0.8 Ni0.2,FCC
Mn0.874 Ni0.126,FCC
Mn0.5 Cu0.5,FCC
Mn0.23 Pd0.77,FCC
Mn0.25 Pd0.75,FCC
Mn0.3 Pd0.7,FCC
Mn0.31 Pd0.69,FCC
Mn0.16 Ag0.84,FCC
Mn0.97 Ag0.03,FCC
Mn0.2 Pt0.8,FCC
Mn0.25 Pt0.75,FCC
Mn0.33 Pt0.67,FCC
Mn0.5 Pt0.5,FCC
Mn0.19 Au0.81,FCC
Fe0.1 Co0.9,FCC
Fe0.5 Ni0.5,FCC
Fe0.2 Nb0.8,FCC
Fe0.27 Mo0.73,FCC
Fe0.5 Pd0.5,FCC
Fe0.5 Ag0.5,FCC
Fe0.5 Pt0.5,FCC
Fe0.08 Au0.92,FCC
Fe0.5 Au0.5,FCC
Co0.87 Ti0.13,FCC
Co0.7 V0.3,FCC
Co0.75 V0.25,FCC
Co0.876 V0.124,FCC
Co0.9 Cr0.1,FCC
Co0.5 Ni0.5,FCC
Co0.23 Nb0.77,FCC
Co0.935 Nb0.065,FCC
Co0.5 Pd0.5,FCC
Co0.8 W0.2,FCC
Co0.88 W0.12,FCC
Co0.6 Re0.4,FCC
Co0.5 Pt0.5,FCC
Co0.02 Au0.98,FCC
Co0.975 Au0.025,FCC
Ni0.6 V0.4,FCC
Ni0.67 V0.33,FCC
Ni0.75 V0.25,FCC
Ni0.92 V0.08,FCC
Ni0.98 Zr0.02,FCC
Ni0.99 Zr0.01,FCC
Ni0.2 Nb0.8,FCC
Ni0.85 Nb0.15,FCC
Ni0.9 Nb0.1,FCC
Ni0.92 Nb0.08,FCC
Ni0.94 Nb0.06,FCC
Ni0.16 Mo0.84,FCC
Ni0.73 Mo0.27,FCC
Ni0.75 Mo0.25,FCC
Ni0.76 Mo0.24,FCC
Ni0.91 Mo0.09,FCC
Ni0.526 Pd0.474,FCC
Ni0.8 Pd0.2,FCC
Ni0.81 Pd0.19,FCC
Ni0.92 Pd0.08,FCC
Ni0.5 Ag0.5,FCC
Ni0.99 Hf0.01,FCC
Ni0.85 Ta0.15,FCC
Ni0.9 Ta0.1,FCC
Ni0.92 Ta0.08,FCC
Ni0.9576 Ta0.0424,FCC
Ni0.85 W0.15,FCC
Ni0.91 W0.09,FCC
Ni0.92 W0.08,FCC
Ni0.5 Pt0.5,FCC
Ni0.75 Pt0.25,FCC
Ni0.92 Pt0.08,FCC
Cu0.99 Ag0.01,FCC
Pt0.940. Ag0.060,FCC
Ag0.5 Au0.5,FCC
Ag0.5 Pd0.5,FCC
Pd0.9 Ag0.1,FCC
Pd0.7 Ag0.3,FCC
Pd0.8 Ag0.2,FCC
Ag0.5 Pt0.5,FCC
Ag0.75 Pt0.25,FCC
Ag0.91 Pt0.09,FCC
Ag0.667 Pt0.333,FCC
Ag0.91 Sc0.09,FCC
Ag0.97 Cu0.03,FCC
Ag0.99 Y0.01,FCC
Ag0.98 Y0.02,FCC
Au0.55 Cr0.45,FCC
Au0.8 Cr0.2,FCC
Au0.5 Cr0.5,FCC
Pd0.9 Au0.1,FCC
Au0.5 Pt0.5,FCC
Au0.84 V0.16,FCC
Au0.8 V0.2,FCC
Au0.88 Ti0.12,FCC
Au0.925 Zr0.075,FCC
Au0.92 Sc0.08,FCC
Au0.99 Mo0.01,FCC
Au0.9 Ta0.1,FCC
Cu0.75 Au0.25,FCC
Cu0.68 Au0.32,FCC
Au0.5 Cu0.5,FCC
Cu0.88 Au0.12,FCC
Au0.71 Cu0.29,FCC
Cu0.97 Au0.03,FCC
Cu0.791 Au0.209,FCC
Cu0.75 Pd0.25,FCC
Cu0.748 Pd0.252,FCC
Cu0.712 Pd0.288,FCC
Cu0.7 Pd0.3,FCC
Cu0.54 Pd0.46,FCC
Pd0.866 Cu0.134,FCC
Cu0.5 Pt0.5,FCC
Cu0.77 Cr0.23,FCC
Cu0.95 Ti0.05,FCC
Cu0.92 Ti0.08,FCC
Cu0.96 Ti0.04,FCC
Cu0.98 Ti0.02,FCC
Pt0.8 Mo0.2,FCC
Pd0.6 Mo0.4,FCC
Pd0.82 Mo0.18,FCC
Pd0.74 Mo0.26,FCC
Mo0.85 Re0.15,FCC
Pd0.88 Nb0.12,FCC
Pd0.83 Nb0.17,FCC
Pd0.82 Nb0.18,FCC
Pd0.92 Nb0.08,FCC
Pt0.82 Nb0.18,FCC
Nb0.5 Pd0.5,FCC
Pd0.5 Pt0.5,FCC
Pt0.9 Hf0.1,FCC
Pd0.6 Cr0.4,FCC
Pd0.67 Cr0.33,FCC
Pd0.7 Cr0.3,FCC
Pd0.75 Cr0.25,FCC
Cr0.5 Pt0.5,FCC
Pt0.8 Cr0.2,FCC
Pt0.75 Cr0.25,FCC
Pd0.88 Re0.12,FCC
Pt0.58 Re0.42,FCC
Pt0.7 Re0.3,FCC
Pd0.85 Sc0.15,FCC
Pd0.925 Sc0.075,FCC
Pd0.9 Sc0.1,FCC
Pd0.92 Ta0.08,FCC
Pd0.82 Ta0.18,FCC
Pd0.86 Ta0.14,FCC
Pd0.9 Ti0.1,FCC
Pd0.85 Ti0.15,FCC
Pd0.75 V0.25,FCC
Pd0.81 V0.19,FCC
Pd0.9 V0.1,FCC
Pt0.6 V0.4,FCC
Pt0.75 V0.25,FCC
Pd0.78 W0.22,FCC
Pd0.6 W0.4,FCC
Pt0.5 W0.5,FCC
Pd0.88 Y0.12,FCC
Pd0.9 Y0.1,FCC
Nb0.81 Zr0.19,FCC
Pd0.79 Zr0.21,FCC
Pd0.8 Zr0.2,FCC
Pd0.85 Zr0.15,FCC
Zr0.88 Nb0.12,FCC
Pd0.92 Lu0.08,FCC
Pd0.88 Lu0.12,FCC
Ag0.25 Au0.25 Pd0.5,FCC
Co0.15 Ni0.6 Pd0.25,FCC
Co0.25 Ni0.25 Pt0.5,FCC
Cr0.125 Mn0.125 Pt0.75,FCC
Cr0.25 Co0.25 Pt0.5,FCC
Cr0.3 W0.05 Ni0.65,FCC
Cu0.33 Au0.33 Ni0.34,FCC
Cu0.33 Ni0.33 Pd0.34,FCC
Fe0.75 Ni0.125 Pt0.125,FCC
Mn0.175 Fe0.65 Ni0.175,FCC
Mn0.33 Fe0.33 Co0.34,FCC
Mn0.3 Co0.2 Pt0.5,FCC
V0.25 Co0.375 Ni0.375,FCC
V0.25 Co0.375 Pd0.375,FCC
V0.25 Ni0.375 Pd0.375,FCC
Fe0.08 Ti0.092 V0.828,FCC
Au0.5 Cu0.49 Fe0.01,FCC
Au0.018 Co0.853 Fe0.129,FCC
Cr0.144 Ni0.808 Ti0.048,FCC
Cu0.333 Ni0.333 Pd0.333,FCC
Mo0.125 Ni0.75 V0.125,FCC
Ni0.375 Pd0.375 V0.25,FCC
Fe0.5 Mn0.2 Ni0.3,FCC
Cr0.2 Ni0.72 W0.08,FCC
Cr0.23 Mn0.08 Ni0.69,FCC
Ag0.375 Au0.375 Pd0.25,FCC
Pd0.75 Ag0.125 Au0.125,FCC
Pd0.34 Ag0.33 Au0.33,FCC
Ag0.34 Au0.33 Pd0.33,FCC
Ni0.34 Cu0.3 Pd0.3,FCC
Ni0.5 Cu0.29 Fe0.21,FCC
Cu0.75 Ni0.17 Fe0.08,FCC
Pt0.5 Co0.25 Fe0.25,FCC
Mo0.6 Cr0.2 W0.2,FCC
Co1 Mn1 Ni1,FCC
Cr1 Fe1 Ni1,FCC
Fe1 Mn1 Ni1,FCC
Co1 Cr1 Ni1,FCC
Co1 Fe1 Mn1 Ni1,FCC
Co1 Cr1 Mn1 Ni1,FCC
Cu1 Ni1 Co1 Fe1,FCC
Cu1 Ni1 Co1 Fe1 Mn1,FCC
Cu1 Ni2 Fe1 Mn2 Cr1,FCC
Fe1 Co1 Ni1 Cr1 Cu1,FCC
Fe1 Cr1 Mn1 Ni1 Co1,FCC
V1 Cu1 Fe1 Co1 Ni1,FCC
Co1 Cr1 Fe1 Mn1 Nb1 Ni1,FCC
Co0.5 Cr1 Fe1 Mn1.5 Ni1,FCC
Co1 Cr1 Fe1 Mo0.85 Ni1,FCC
Co1 Cr1 Fe1 Mo1 Ni1,FCC
Co1 Cr1 Fe1 Nb0.3 Ni1,FCC
Co1 Cr2 Fe1 Ni1,FCC
Co1.5 Cr1 Fe1 Ni1.5 Ti1,FCC
Co1 Cr1 Fe1 Ni1 W1,FCC
Co1 Fe1 Mn1 Mo1 Ni1,FCC
Co1 Fe1 Mn1 Ni1 V1,FCC
Ag0.18 Cu0.35 Au0.37 Pd0.10,FCC
Fe0.698 Cr0.195 Ni0.093 Mn0.014,FCC
Co0.25 Ni0.25 Pd0.25 V0.25,FCC
Co1.5 Cr0.5 Fe1 Mn0.5 Ni1,FCC
Co1 Cr0.75 Fe1 Mn0.75 Ni1,FCC
Co1 Cr1.25 Fe1 Mn0.25 Ni1,FCC
Co1 Cr1 Fe0.5 Mn0.5 Ni1.5,FCC
Co1 Cr1 Fe1 Ni1 Pd1,FCC
Co1 Cr1 Fe1 Ni1 Pd2,FCC
Co1 Cr1 Cu0.2 Fe1 Ni1,FCC
Co1 Cr1 Cu0.4 Fe1 Ni1,FCC
Co1 Cr1 Cu0.6 Fe1 Ni1,FCC
Co1 Cr1 Cu0.8 Fe1 Ni1,FCC
Co1 Cr1 Cu1 Ni1,FCC
Co1 Cr1 Fe3.5 Mn4.5,FCC
Co1 Cr1 Fe4 Mn4,FCC
Co1 Cr1 Fe4.5 Mn3.5,FCC
Co1 Cr0.4 Fe8 Mn5.4 Ni5.2,FCC
Co1 Cr1 Fe2.7 Mn1 Ni1,FCC
Co1 Cr1 Fe6 Mn1 Ni1,FCC
Co1 Cr1.3 Fe1 Mn1 Ni0.7,FCC
Co1.4 Cr1 Fe1 Mn1 Ni1,FCC
Co5 Cr2 Fe40 Mn27 Ni26,FCC
Co1 Cr1.5 Fe3.5 Mn0.5 Ni2.5 V1,FCC
Co1 Cr1 Fe1 Mo0.3 Ni1,FCC
Co42.5 Cr12.5 Fe20 Mo5 Ni20,FCC
Co1.5 Cr1 Fe1 Mo0.1 Ni1.5 Ti0.5,FCC
Co1 Cr0.5 Fe1 Ni1,FCC
Co1 Cr0.6 Fe1 Ni1,FCC
Co1 Cr0.7 Fe1 Ni1,FCC
Co1 Cr0.8 Fe1 Ni1,FCC
Co1 Cr0.95 Fe1 Ni1,FCC
Co1 Cr0.9 Fe1 Ni1,FCC
Co1 Cr1.05 Fe1 Ni1,FCC
Co1 Cr1.10 Fe1 Ni1,FCC
Co1 Cr1.15 Fe1 Ni1,FCC
Co1 Cr1 Fe1 Ni1 W0.3,FCC
Co1 Cu1 Fe1 Ni1 V1,FCC
Co1 Cu1 Fe1 Ni1 Ti1,FCC
Cr1 Cu1 Fe1 Mn2 Ni2,FCC
Cr0.66 Fe1 Mn1 Ni1,FCC
Ag1 Co1 Cr1 Fe1 Mn1 Ni1,FCC
Al0.15 Co1 Cr1 Fe1 Mn1 Ni1,FCC
Al0.1 Co1 Cr1 Fe1 Ni1,FCC
Al0.1 Co1 Fe1 Ni1 Si0.1,FCC
Al0.25 Co1 Cr1 Cu0.75 Fe1 Ni1,FCC
Al0.25 Co1 Cr1 Fe1 Ni1,FCC
Al0.25 Co1 Fe1 Mn0.25 Ni1,FCC
Al0.2 Co1 Cu0.2 Fe1 Ni1,FCC
Al0.2 Co1 Fe1 Ni1 Si0.2,FCC
Al0.2 Cr1 Cu1 Fe1 Ni1,FCC
Al0.2 Cr1 Cu1 Fe1 Ni2,FCC
Al0.375 Co1 Cr1 Fe1 Ni1,FCC
Al0.3 Co1 Cr1 Cu1 Fe1 Ni1,FCC
Al0.3 Co1 Cr1 Fe1 Mo0.1 Ni1,FCC
Al0.3 Co1 Cr1 Fe1 Ni1 Ti0.1,FCC
Al0.3 Co1 Cu0.7 Fe1 Ni1,FCC
Al0.41 Co1 Cr1 Fe1 Ni1,FCC
Al0.4 Co1 Cr1 Fe1 Ni1,FCC
Al0.4 Co1 Cu0.4 Fe1 Ni1,FCC
Al0.4 Cr1 Cu1 Fe1 Ni2,FCC
Al0.5 Co1 Cr1 Cu0.5 Fe2 Ni1,FCC
Al0.5 Co1 Cr1 Cu0.5 Fe3.5 Ni1,FCC
Al0.5 Co1 Cr1 Cu0.5 Fe3 Ni1,FCC
Al0.5 Cr1 Cu1 Fe1 Ni2,FCC
Al0.6 Co1 Cu0.6 Fe1 Ni1,FCC
Al0.6 Cr1 Cu1 Fe1 Ni2,FCC
Al0.6 Cr1 Fe1 Ni2.4,FCC
Al0.7 Cr1 Cu1 Fe1 Ni2,FCC
Al1 Co3.5 Cr1 Cu0.5 Fe1 Ni1,FCC
Al1 Co3 Cu1 Fe1 Ni1,FCC
Co1.5 Cr1 Fe1 Ni1.5 Ti0.5,FCC
Cr1 Fe1 Ni1 Ti0.2,FCC+BCC
Cr1 Fe1 Ni1 Ti0.3,FCC+BCC
Cr1 Cu1 Fe1 Mn1 Ni1,FCC+BCC
Al0.8 Co1 Cr1 Cu1 Fe1 Ni1,FCC+BCC
Al0.5 Co1 Cr1 Cu0.5 Fe1 Ni1 Ti0.5,FCC+BCC
Al0.49 Co1 Cr1 Fe1 Mn1 Ni1,FCC+BCC
Al0.2 Cr0.667 Fe1 Mn0.667 Ni0.333,FCC+BCC
Al0.5 Co1 Cr1 Cu1 Fe1 Ni1 Ti0.6,FCC+BCC
Al0.5 Co1 Cr1 Cu1 Fe1 Ni1 V0.4,FCC+BCC
Al1 Co1 Cu1 Fe1 Ni1 Si1,FCC+BCC
Al1 Co1 Cr1 Cu1 Fe1 Ni1 V1,FCC+BCC
Al0.125 Co1 Cr1 Cu1 Fe1 Mn1 Ni1 Ti1 V1,FCC+BCC
Cr0.5 Fe1 Mn0.625 Ni0.375,FCC+BCC
Al0.05 Cr0.5 Fe1 Mn0.625 Ni0.375,FCC+BCC
Al0.15 Cr0.5 Fe1 Mn0.625 Ni0.375,FCC+BCC
Al0.3 Co1 Cr1 Fe1 Mn1 Ni1,FCC+BCC
Al0.7 Co1 Cr1 Fe1 Mn1 Ni1,FCC+BCC
Al1 Co1 Cr1 Fe1 Mn1 Ni1,FCC+BCC
Al0.562 Co0.938 Cr0.312 Fe0.312 Ni1,FCC+BCC
Al0.581 Co0.968 Cr0.323 Fe0.323 Mo0.032 Ni1,FCC+BCC
Al0.6 Co1 Cr0.333 Fe0.333 Mo0.067 Ni1,FCC+BCC
Al0.6 Co1 Cr0.333 Fe0.333 Mo0.1 Ni0.967,FCC+BCC
Al0.5 Cr1 Cu1 Fe1 Mn1 Ni1,FCC+BCC
Al0.8 Cr1 Cu1 Fe1.5 Mn1 Ni1,FCC+BCC
Al0.8 Cr1 Cu1 Fe1 Mn1 Ni1,FCC+BCC
Al1 Co1 Cr1 Cu1 Ni1 Ti1,FCC+BCC
Al0.3 Cr1 Cu1 Fe1 Mn1 Ni1,FCC+BCC
Cr0.5 Cu1 Fe1 Mn1 Ni0.5,FCC+BCC
Cr2 Cu1 Fe2 Mn1 Ni1,FCC+BCC
Cr1 Cu1 Fe0.5 Mn0.5 Ni1,FCC+BCC
Al0.3 Cr1 Fe1.5 Mn1 Ni0.5,FCC+BCC
Al0.5 Co1 Cr3 Cu0.5 Fe1 Ni1,FCC+BCC
Al0.5 Co1 Cr1 Cu1 Fe1 Ni1 V1.2,FCC+BCC
Al0.5 Co1 Cr1 Cu1 Fe1 Ni1 V1.4,FCC+BCC
Al0.5 Co1 Cr1 Cu1 Fe1 Ni1 V1.6,FCC+BCC
Al0.5 Co1 Cr1 Cu1 Fe1 Ni1 V1.8,FCC+BCC
Al0.5 Co1 Cr1 Cu1 Fe1 Ni1 V2,FCC+BCC
Al0.5 Co1 Cr1 Fe1 Ni1,FCC+BCC
Al0.75 Co1 Cr1 Cu0.25 Fe1 Ni1,FCC+BCC
Al0.8 Cr1 Cu1.5 Fe1 Mn1 Ni1,FCC+BCC
Al0.8 Cr1 Cu1 Fe1 Ni2,FCC+BCC
Al1 Co1.5 Cr1 Fe1 Ni1 Ti0.5,FCC+BCC
Al1 Co2 Cr1 Cu0.5 Fe1 Ni1,FCC+BCC
Al1 Co2 Cr1 Fe1 Ni1 Ti0.5,FCC+BCC
Al1 Co3 Cr1 Cu0.5 Fe1 Ni1,FCC+BCC
Al1 Co3 Cr1 Fe1 Ni1 Ti0.5,FCC+BCC
Al1 Co1 Cr1 Cu0.5 Fe0.5 Ni1,FCC+BCC
Al1 Co1 Cr1 Cu0.5 Fe1 Ni1.5,FCC+BCC
Al1 Co1 Cr1 Cu0.5 Fe1 Ni2,FCC+BCC
Al1 Co1 Cr1 Cu1 Fe1 Mo0.2 Ni1,FCC+BCC
Al1 Co1 Cr1 Cu1 Fe1 Ni1 Si1,FCC+BCC
Al1 Co1 Cr1 Cu1 Fe1 Ni1 Ti1 V1,FCC+BCC
Al1 Co1 Cr1 Cu1 Fe1 Si1 Ti1,FCC+BCC
Al1 Co1 Cr1 Cu1 Ni1,FCC+BCC
Al1 Co1 Cu0.5 Fe1 Ni1,FCC+BCC
Al1 Co1 Cu1 Ni1,FCC+BCC
Al1 Cr1 Cu1 Fe1 Ni2,FCC+BCC
Co1 Cr1 Fe1 Ge1 Mn1 Ni1,FCC+BCC
Co1 Cr1 Fe1 Mn1 Ni1 Ti1,FCC+BCC
Cr1 Cu1 Fe0.5 Mn1 Ni0.5,FCC+BCC
Cr1 Fe2 Mn1.25 Ni0.75,FCC+BCC
Al0.3 Co1 Fe1 Ni1 Si0.3,FCC+BCC
Al0.4 Co1 Cu0.4 Fe1 Ga0.02 Ni1,FCC+BCC
Al0.4 Co1 Cu0.4 Fe1 Ga0.04 Ni1,FCC+BCC
Al0.4 Co1 Cu0.4 Fe1 Ga0.06 Ni1,FCC+BCC
Al0.4 Co1 Cu0.4 Fe1 Ga0.08 Ni1,FCC+BCC
Al0.7 Co1 Cu0.7 Fe1 Ni1,FCC+BCC
Al0.9 Co1 Cu0.9 Fe1 Ni1,FCC+BCC
Al1.2 Co1 Cu1.2 Fe1 Ni1,FCC+BCC
Co1 Cr1 Fe1 Ga1 Ni1,FCC+BCC
Co1 Cr1 Fe1 Ge1 Ni1,FCC+BCC
Al0.5 Co1 Cr1 Cu1 Fe1 Ni1 Ti1,FCC+BCC+Sec
Al0.5 Co1 Cr1 Cu1 Fe1 Ni1 Ti0.8,FCC+BCC+Sec
Co1 Cr1 Cu1 Fe1 Mn1 Ni1 Ti1 V1,FCC+BCC+Sec
Al0.5 Co1 Cr1 Cu1 Fe1 Ni1 Ti1.2,FCC+BCC+Sec
Al23 Co15 Cr23 Cu8 Fe15 Ni16,FCC+BCC+Sec
Al0.5 Co1 Cr1 Cu1 Fe1 Ni1 V1,FCC+BCC+Sec
Al0.5 Co1 Cr1 Cu1 Fe1 Ni1 V0.6,FCC+BCC+Sec
Al0.5 Co1 Cr1 Cu1 Fe1 Ni1 V0.8,FCC+BCC+Sec
Al1 Co2 Cr1 Fe1 Mo0.5,FCC+BCC+Sec
Al1 Co2 Cr1 Fe1 Mo0.5 Ni1,FCC+BCC+Sec
Al0.1 Cr1 Fe2 Mn1.25 Ni0.75,FCC+BCC+Sec
Al0.32 Cr1 Fe2 Mn1.25 Ni0.75,FCC+BCC+Sec
Al0.56 Cr1 Fe2 Mn1.25 Ni0.75,FCC+BCC+Sec
Al0.57 Co1 Cr1 Fe1 Ni1,FCC+BCC+Sec
Al0.6 Co1 Cr1 Fe1 Ni1,FCC+BCC+Sec
Al0.7 Co1 Cr1 Fe1 Ni1,FCC+BCC+Sec
Al0.7 Cr1 Fe1 Ni2.3,FCC+BCC+Sec
Al0.81 Cr1 Fe2 Mn1.25 Ni0.75,FCC+BCC+Sec
Al0.8 Co1 Cr1 Fe1 Ni1,FCC+BCC+Sec
Al0.8 Cr1 Fe1 Ni2.2,FCC+BCC+Sec
Al0.9 Cr1 Cu1 Fe1 Ni2,FCC+BCC+Sec
Al0.9 Cr1 Fe1 Ni2.1,FCC+BCC+Sec
Al1.2 Cr1 Cu1 Fe1 Ni2,FCC+BCC+Sec
Al1.5 Cr1 Cu1 Fe1 Ni2,FCC+BCC+Sec
Al1 Co0.5 Cr1 Cu1 Fe1 Ni1,FCC+BCC+Sec
Al1 Co1 Cr0.5 Cu0.5 Fe1 Ni1,FCC+BCC+Sec
Al1 Co1 Cr0.5 Cu1 Fe1 Ni1,FCC+BCC+Sec
Al1 Co1 Cr1 Cu0.5 Fe1 Ni1,FCC+BCC+Sec
Al1 Co1 Cr1 Cu0.5 Ni1,FCC+BCC+Sec
Al1 Co1 Cr1 Cu1 Fe0.5 Ni1,FCC+BCC+Sec
Al1 Co1 Cr1 Cu1 Fe1 Ni0.5,FCC+BCC+Sec
Al1 Co1 Cr1 Cu1 Fe1 Ni1 Ti1,FCC+BCC+Sec
Al1 Cr1 Fe2 Ni2,FCC+BCC+Sec
Al1 Cr1 Fe1 Ni2,FCC+BCC+Sec
Al0.5 Co1 Cr1 Cu1 Fe1 Ni1 Ti1.4,FCC+BCC+Sec
Al0.5 Co1 Cr1 Cu1 Fe1 Ni1 Ti1.6,FCC+BCC+Sec
Al0.5 Co1 Cr1 Cu1 Fe1 Ni1 Ti1.8,FCC+BCC+Sec
Al0.5 Co1 Cr1 Cu1 Fe1 Ni1 Ti2,FCC+BCC+Sec
Al1 Co1 Cr1 Cu1 Ni1 Ti1 Y0.5,FCC+BCC+Sec
Cr1 Fe1 Ni2 V0.5 W1,FCC+BCC+Sec
Cr1 Fe1 Ni2 V0.5 W0.5,FCC+BCC+Sec
Cr1 Fe1 Ni2 V0.5 W0.75,FCC+BCC+Sec
Cr1 Fe1 Ni1 V0.5 W1,FCC+BCC+Sec
Cr1 Fe1 Ni1 V0.5 W0.5,FCC+BCC+Sec
Cr1 Fe1 Ni1 V0.5 W0.75,FCC+BCC+Sec
Al0.348 Co1 Cr1 Fe1 Ni1,FCC+BCC+Sec
Al0.74 Co1 Cr1 Fe1 Ni1,FCC+BCC+Sec
Al0.7 Co1 Cr1 Fe2 Ni1,FCC+BCC+Sec
Al1 Co1 Cr1 Cu0.5 Fe1 Ni0.5,FCC+BCC+Sec
Al12 Co20 Cr17 Fe35 Ni12 Ti4,FCC+BCC+Sec
Al0.5 Co1 Cr1 Cu1 Fe1 Ni1 Si1,FCC+BCC+Sec
Al0.5 Co1 Cr1 Cu1 Fe1 Ni1 Si0.8,FCC+BCC+Sec
Al0.5 Co1 Cr1 Cu1 Fe1 Ni1 Si1.2,FCC+BCC+Sec
Al0.5 Co1 Cr1 Cu1 Fe1 Ni1 Si1.4,FCC+BCC+Sec
Al0.5 Co1 Cr1 Cu1 Fe1 Ni1 Si1.6,FCC+BCC+Sec
Al0.5 Co1 Cr1 Cu1 Fe1 Ni1 Si1.8,FCC+BCC+Sec
Al0.5 Co1 Cr1 Cu1 Fe1 Ni1 Si2,FCC+BCC+Sec
Co2 Mo0.5 Ni2 V1 W0.5,FCC+BCC+Sec
Ag1 Al1 Co1 Cr1 Cu1 Ni1,FCC+Sec
Al2 Co1 Cr1 Cu1 Fe1 Ni1,FCC+Sec
Co1.5 Cr1 Fe1 Mo0.8 Ni1.5 Ti0.5,FCC+Sec
Co1 Cr1 Fe1 Mn1 Ni1 V0.75,FCC+Sec
Co1 Cr1 Fe1 Ni1 V1,FCC+Sec
Cr1 Fe1 Ni2 V0.5 W0.25,FCC+Sec
Cr1 Fe1 Ni1 V0.5 W0.25,FCC+Sec
Al1 Co1 Cr1 Cu1 Fe1 Mn1 Ni1,FCC+Sec
Al1.3 Co1 Cr1 Cu1 Fe1 Ni1,FCC+Sec
Al1.5 Co1 Cr1 Cu1 Fe1 Ni1,FCC+Sec
Al1.8 Co1 Cr1 Cu1 Fe1 Ni1,FCC+Sec
Al10 Co21 Cr18 Fe36 Ni15,FCC+Sec
Al14.1 Cr6 Fe28.2 Mn32.9 Ni18.8,FCC+Sec
Al2.3 Co1 Cr1 Cu1 Fe1 Ni1,FCC+Sec
Al2.5 Co1 Cr1 Cu1 Fe1 Ni1,FCC+Sec
Al1 Co0.2 Cu1 Fe1 Ni1,FCC+Sec
Al1 Co0.5 Cu1 Fe1 Ni1,FCC+Sec
Al1 Co1.5 Cr1 Cu0.5 Fe1 Ni1,FCC+Sec
Al1 Co1.5 Cu1 Fe1 Ni1,FCC+Sec
Al1 Co2 Cu1 Fe1 Ni1,FCC+Sec
Al1 Co1 Cr1 Cu0.5 Fe1,FCC+Sec
Al1 Co1 Cr1 Cu0.5 Fe1.5 Ni1,FCC+Sec
Al1 Co1 Cr1 Cu0.5 Fe2 Ni1,FCC+Sec
Al1 Cr0.5 Cu1 Fe1 Ni1 Ti1,FCC+Sec
Al1 Cr1.5 Cu1 Fe1 Ni1 Ti1,FCC+Sec
Al1 Cr2 Cu1 Fe1 Ni1 Ti1,FCC+Sec
Al1 Cr3 Cu1 Fe1 Ni1 Ti1,FCC+Sec
Al1 Cr1 Cu1 Fe1 Ni0.6,FCC+Sec
Al1 Cr1 Cu1 Fe1 Ni0.8,FCC+Sec
Al1 Cr1 Cu1 Fe1 Ni1.2,FCC+Sec
Al1 Cr1 Cu1 Fe1 Ni1.4,FCC+Sec
Al1 Cr1 Cu1 Fe1 Ni1 Ti1,FCC+Sec
Al1 Cu1 Ni1,FCC+Sec
Al1 Co1 Cr1 Fe1 Mo0.5 Ni1.5,FCC+Sec
Al1 Co1 Cr1 Fe1 Mo0.5 Ni2,FCC+Sec
Al1 Co1 Cu1 Fe1 Ni1 Zr1,FCC+Sec
Al0.44 Co1 Cr1 Fe1 Ni1,FCC+Sec
Co1 Cr1 Cu1 Fe1 Ni1 Ti0.8,FCC+Sec
Co1 Cr1 Fe1 Nb0.103 Ni1,FCC+Sec
Co1 Cr1 Fe1 Nb0.155 Ni1,FCC+Sec
Co1 Cr1 Fe1 Nb0.206 Ni1,FCC+Sec
Co1 Cr1 Fe1 Nb0.309 Ni1,FCC+Sec
Co1 Cr1 Fe1 Nb0.412 Ni1,FCC+Sec
Al16 Cu1 Li1 Mg1 Zn1,FCC+Sec
Al1 Li0.5 Mg1 Sn0.2 Zn0.5,FCC+Sec
Co2 Cr1 Mo0.5 Ni2 W0.5,FCC+Sec
Al0.5 B0.2 Co1 Cr1 Cu1 Fe1 Ni1,FCC+Sec
Al0.5 B0.6 Co1 Cr1 Cu1 Fe1 Ni1,FCC+Sec
Co1 Cu1 Fe1 Mn1 Ni1 Sn0.05,FCC+Sec
Co1 Cu1 Fe1 Mn1 Ni1 Sn0.08,FCC+Sec
Co1 Cu1 Fe1 Mn1 Ni1 Sn0.1,FCC+Sec
Co1 Cu1 Fe1 Mn1 Ni1 Sn0.2,FCC+Sec
Co1 Cu1 Fe1 Ni1 Sn0.04,FCC+Sec
Co1 Cu1 Fe1 Ni1 Sn0.05,FCC+Sec
Co1 Cu1 Fe1 Ni1 Sn0.07,FCC+Sec
Co1 Cu1 Fe1 Ni1 Sn0.1,FCC+Sec
Co1 Cu1 Fe1 Ni1 Sn0.2,FCC+Sec
Co1 Cu1 Fe1 Ni1 Sn0.5,FCC+Sec
Al1 Au1 Co1 Cr1 Cu1 Ni1,FCC+Sec
Al0.43 Co1 Cr0.29 Ni1 Si0.14,FCC+Sec
Al0.3 Co1 Cr1 Fe1 Ni1,FCC+Sec
Al0.5 Co1 Cr1 Cu0.5 Fe1 Ni2,FCC+Sec
Al8 Co17 Cr17 Cu8 Fe17 Ni33,FCC+Sec
Al1 Co1 Cr1 Cu0.5 Fe1 Ni3,FCC+Sec
Co2 Cr0.5 Ni2 V1 W0.5,FCC+Sec
Co1 Cr1 Fe1 Nb0.25 Ni1,FCC+Sec
Co1 Fe1 Ni1 Si0.5,FCC+Sec
Co1 Fe1 Ni1 Si0.75,FCC+Sec
Co1 Fe1 Ni1 Ti1,FCC+Sec
Al0.5 Co1 Cr1 Fe1 Mo0.5 Ni1,FCC+Sec
Co1 Cr1 Fe1 Mo0.5 Ni1,FCC+Sec
Al1 Cu0.062 Li0.062 Mg0.062 Zn0.062,FCC+Sec
Al1 Li0.062 Mg0.062 Sn0.062 Zn0.062,FCC+Sec
Co1 Fe1 Mo0.2 Ni1 V1,FCC+Sec
Co1 Fe1 Mo0.4 Ni1 V1,FCC+Sec
Co1 Fe1 Mo0.6 Ni1 V1,FCC+Sec
Co1 Fe1 Mo0.8 Ni1 V1,FCC+Sec
Co0.833 Fe0.833 Mo0.833 Ni1 V0.833,FCC+Sec
Co0.714 Fe0.714 Mo0.714 Ni1 V0.714,FCC+Sec
Co0.625 Fe0.625 Mo0.625 Ni1 V0.625,FCC+Sec
Co0.556 Fe0.556 Mo0.556 Ni1 V0.556,FCC+Sec
Co0.5 Fe0.5 Mo0.5 Ni1 V0.5,FCC+Sec
Co1 Fe1 Mo1 Ni1 V1,FCC+Sec
Al0.111 Cu1 Mn1 Ni1,FCC+Sec
Cu1 Mn1 Ni1 Sn0.111,FCC+Sec
Cu1 Mn1 Ni1 Sn0.053,FCC+Sec
Co1 Cr1 Fe1 Mo0.304 Ni1,FCC+Sec
Co1 Cr1 Fe1 Mn1 Mo0.087 Ni1,FCC+Sec
Co1 Cr1 Fe1 Mn1 Mo0.136 Ni1,FCC+Sec
Co1 Cr1 Fe1 Mn1 Mo0.19 Ni1,FCC+Sec
Co1 Cr1 Fe1 Ni1 W0.5,FCC+Sec
Co1 Cr1 Fe1 Mn0.2 Ni1 Pd1,FCC+Sec
Co1 Cr1 Fe1 Mn0.4 Ni1 Pd1,FCC+Sec
Co1 Cr1 Fe1 Mn0.6 Ni1 Pd1,FCC+Sec
Co1 Cr1 Fe1 Mn0.8 Ni1 Pd1,FCC+Sec
Co1 Cr1 Cu1 Fe1 Ni1 V0.042,FCC+Sec
Co1 Cr1 Cu1 Fe1 Ni1 V0.087,FCC+Sec
Co1 Cr1 Cu1 Fe1 Ni1 V0.136,FCC+Sec
Co1 Cr1 Cu1 Fe1 Ni1 V0.19,FCC+Sec
Mn0.3 Fe0.7,HCP
Mn0.47 Re0.53,HCP
Mn0.24 Au0.76,HCP
Fe0.05 Co0.95,HCP
Fe0.95 Ni0.05,HCP
Co0.75 Cr0.25,HCP
Co0.75 Ni0.25,HCP
Co0.6 Mo0.4,HCP
Co0.9 Mo0.1,HCP
Co0.5 Re0.5,HCP
Co0.6 Pt0.4,HCP
Hf0.98 Au0.02,HCP
Re0.99 Hf0.01,HCP
Hf0.5 Ti0.5,HCP
Hf0.5 Zr0.5,HCP
Hf0.618 Zr0.382,HCP
Hf0.98 Zr0.02,HCP
Zr0.57 Hf0.43,HCP
Re0.86 Mo0.14,HCP
Re0.92 Mo0.08,HCP
Pd0.54 Mo0.46,HCP
Mo0.5 Pd0.5,HCP
Mo0.6 Pt0.4,HCP
Mo0.58 Pt0.42,HCP
Re0.99 Nb0.01,HCP
Re0.58 Pt0.42,HCP
Re0.6 Pt0.4,HCP
Hf0.5 Sc0.5,HCP
Sc0.5 Zr0.5,HCP
Sc0.90 Zr0.10,HCP
Re0.99 Ta0.01,HCP
Cr0.96 Ta0.04,HCP
Re0.99 Ti0.01,HCP
Ti0.89 V0.11,HCP
Ti0.96 Ta0.04,HCP
Ti0.987 Ta0.013,HCP
Ti0.97 Nb0.03,HCP
Re0.97 V0.03,HCP
Re0.9 W0.1,HCP
Re0.92 W0.08,HCP
Sc0.5 Y0.5,HCP
Zr0.7 Y0.3,HCP
Y0.6 Zr0.4,HCP
Re0.99 Zr0.01,HCP
Ti0.7 Zr0.3,HCP
Ti0.92 Zr0.08,HCP
Ti0.62 Zr0.38,HCP
Zr0.953 Nb0.047,HCP
Co0.4 Nb0.3 Pt0.3,HCP
Nb0.125 Ni0.75 Ti0.125,HCP
Dy1 Gd1 Ho1 Lu1 Tb1,HCP
Dy1 Gd1 Ho1 Tb1 Y1,HCP
Dy1 Gd1 Lu1 Tb1 Tm1,HCP
Dy1 Gd1 Lu1 Tb1 Y1,HCP
Al0.3 Cr1 Fe1.5 Ni0.5,Sec
Al0.4 Cr1 Fe1.5 Ni0.5,Sec
Al1.5 Co1 Cr1 Fe1 Ni1,Sec
Al2.5 Co1 Cr1 Fe1 Ni1,Sec
Al2.8 Co1 Cr1 Cu1 Fe1 Ni1,Sec
Al2 Co1 Cr1 Fe1 Ni1,Sec
Al3 Co1 Cr1 Cu1 Fe1 Ni1,Sec
Al3 Co1 Cr1 Fe1 Ni1,Sec
Al1 Co0.5 Cr1 Cu0.5 Fe1 Ni1,Sec
Al1 Co1 Fe1 Mn1 Ni1,Sec
Al1 Co1 Cr0.5 Fe1 Mo0.5 Ni1,Sec
Al1 Co1 Cr1.5 Fe1 Mo0.5 Ni1,Sec
Al1 Co1 Cr2 Fe1 Mo0.5 Ni1,Sec
Al1 Co1 Cr1 Fe1 Mo0.5 Ni0.5,Sec
Al1 Co1 Fe1 Mo0.5 Ni1,Sec
Al1 Cr1 Fe1 Mo0.8 Ni1,Sec
Al1 Cr1 Fe1 Mo1 Ni1,Sec
Al1 Cr1 Mo1 Si1 Ti1,Sec
Co1 Fe1 Mn1 Ti0.5 V1 Zr1,Sec
Co1 Fe1 Mn1 Ti1.5 V1 Zr1,Sec
Co1 Fe1 Mn1 Ti2.5 V1 Zr1,Sec
Co1 Fe1 Mn1 Ti2 V1 Zr1,Sec
Co1 Fe1 Mn1 Ti1 V0.4 Zr1,Sec
Co1 Fe1 Mn1 Ti1 V0.7 Zr1,Sec
Co1 Fe1 Mn1 Ti1 V1.3 Zr1,Sec
Co1 Fe1 Mn1 Ti1 V1.6 Zr1,Sec
Co1 Fe1 Mn1 Ti1 V2.3 Zr1,Sec
Co1 Fe1 Mn1 Ti1 V2.6 Zr1,Sec
Co1 Fe1 Mn1 Ti1 V2 Zr1,Sec
Co1 Fe1 Mn1 Ti1 V3 Zr1,Sec
Co1 Fe1 Mn1 Ti1 V1 Zr1,Sec
Co1 Fe1 Mn1 Ti1 V1 Zr0.4,Sec
Co1 Fe1 Mn1 Ti1 V1 Zr0.7,Sec
Co1 Fe1 Mn1 Ti1 V1 Zr1.3,Sec
Co1 Fe1 Mn1 Ti1 V1 Zr1.6,Sec
Co1 Fe1 Mn1 Ti1 V1 Zr2,Sec
Co1 Fe1 Mn1 Ti1 V1 Zr2.3,Sec
Co1 Fe1 Mn1 Ti1 V1 Zr2.6,Sec
Co1 Fe1 Mn1 Ti1 V1 Zr3,Sec
Al1 Cu0.2 Li0.5 Mg1 Zn0.5,Sec
Al0.5 B1 Co1 Cr1 Cu1 Fe1 Ni1,Sec
